Key,Action,Notes
*,Farm: Opening Cutscene,
farminit0,_CUSTOM:ENTERFARM&_SLEEP:500,
farminit1,pl_MOVE:y10,
farminit2,_SLEEP:500,
farminit3,pl_ANIM:crouchR&_SLEEP:1000,
farminit4,pl_ANIM:water1&_SLEEP:500,
farminit5,_SOUND:water&pl_ANIM:water2&_SLEEP:1500,
farminit6,pl_ANIM:water1&_SLEEP:250,
farminit7,pl_ANIM:crouchR&_SLEEP:250,
farminit8,pl_ANIM:walk&pl_MOVE:y11,
farminit9,pl_SETDIR:3&_TEXT:intro1,
farminit10,nathanA_ISMOVING:true&nathanA_MOVE:x21,
farminit11,_TEXT:intro2&nathanA_ANIM:Nath2,
farminit12,_TEXT:intro3,
farminit13,_CLEARTEXT&nathanA_ISMOVING:false&_SLEEP:1000,
farminit14,pl_SETDIR:2&pl_MOVE:y12,
farminit15,pl_ANIM:crouchR&_SLEEP:1000,
farminit16,pl_ANIM:walk&pl_SETDIR:3&nathanA_ISMOVING:true&nathanA_ANIM:Nath3&_TEXT:intro4,
farminit17,_TEXT:intro(5-6),
farminit18,_CLEARTEXT&nathanA_ISMOVING:false&pl_ANIM:think&_SLEEP:1250,
farminit19,pl_ANIM:walk&pl_SETDIR:3&nathanA_ISMOVING:true&_TEXT:intro(7-8),
farminit20,_CLEARTEXT&nathanA_SETDIR:3&nathanA_ANIM:Nath1&nathanA_MOVE:x24,
farminit21,_CUSTOM:CLEAROPENING&_QUIT,
*,Produce Stand: Opening Cutscene,
pstand0,"_GO2:[""same"",10,5]&pl_SETDIR:1&hipster_MOVE:x6",
pstand1,hipster_ISMOVING:false&_SLEEP:500,
pstand2,hipster_ANIM:Beck2&hipster_ISMOVING:true&_TEXT:intro9,
pstand3,bike_VISIBLE:true&hipster_ANIM:Beck3&_CUSTOM:HIPMOV,
pstand4,hipster_ANIM:Beck4&_TEXT:intro10,
pstand5,hipster_ANIM:Beck5&_TEXT:intro11,
pstand6,hipster_ANIM:Beck6&_TEXT:intro(12-13),
pstand7,hipster_ANIM:Beck5&_TEXT:intro14,
pstand8,hipster_ANIM:Beck4&_TEXT:intro(15-19),
pstand9,hipster_ISMOVING:false&_TEXT:intro20,
pstand10,hipster_ISMOVING:true&_TEXT:intro(21-22),
pstand11,_CLEARTEXT&hipster_ANIM:Beck7&_CUSTOM:HIPMOV2,
pstand12,hipster_ANIM:Beck1&bike_VISIBLE:false&hipster_MOVE:x10,
pstand13,pl_SETDIR:0&convince_VISIBLE:true&hipster_MOVE:x12,
pstand14,pl_SETDIR:3&hipster_MOVE:x20,
pstand15,pl_SETDIR:0&_TEXT:intro23,
pstand16,_COMPLETEQUEST:openingCutscene&_CLEARTARGET&hipster_SETTARGET&_CUSTOM:TUTORIAL,
*,Produce Stand: Completion of Opening Cutscene,
finTut0,_CUSTOM:LEAVETUTORIAL&_CLEARTARGET&_CUSTOM:FINISHTUTORIALATSTART&_TEXT:Pb0.0,
finTut1,_TEXT:Pb0.1,
*,Produce Stand: Tutorial,
tutBuddy0,"_TEXT:wantTut,sYes,sNo",
tutBuddy1,"?[{""q"":""d==0"",""v"":3},{""q"":""d===1"",""v"":2}]",
tutBuddy2,_TEXT:noTut&_END,
tutBuddy3,_CUSTOM:TUTORIAL,
*,Produce Stand: Completion of Standalone Tutorial,
finStTut0,_CUSTOM:LEAVETUTORIAL&_CUSTOM:FINISHTUTORIALSTANDALONE,
*,Produce Stand: Meeting Nathan,
theHappening0,_COMPLETEQUEST:nathanned&nathanB_VISIBLE:true&nathanB_MOVE:x4,
theHappening1,nathanB_ANIM:Nath2&_TEXT:theHappening(0-3),
theHappening2,eaglia_VISIBLE:true&_TEXT:theHappening(4-5),
theHappening3,nathanB_ANIM:Nath3&_TEXT:theHappening6,
theHappening4,nathanB_ISMOVING:false&eaglia_ANIM:Iii3&eaglia_ISMOVING:true&eaglia_MOVE:x4,
theHappening5,eaglia_VISIBLE:false&nathanB_ISMOVING:true&_TEXT:theHappening7,
theHappening6,"_GIVE:pineapple,10&_GIVE:garlic,10&_GIVE:apple,10&_TEXT:theHappening8",
theHappening7,nathanB_ISMOVING:false&_TEXT:theHappening9,
theHappening8,nathanB_ISMOVING:true&_TEXT:theHappening10,
theHappening9,_CLEARTEXT&nathanB_ANIM:Nath1&nathanB_MOVE:x-1,
theHappening10,_CLEARTARGET&eaglia_SETTARGET&_CLEARTARGET&_CUSTOM:BYEFALCON&_QUIT,
*,Produce Stand: Egg Fairy,
eggfairy0,"?[{""q"":""player.completedQuest('badEgg')"",""v"":1},{""q"":""player.completedQuest('goodEgg')"",""v"":2},{""q"":""player.hasItem('egg')"",""v"":4},{""q"":""true"",""v"":3}]",
eggfairy1,_TEXT:badEggTry&_END,
eggfairy2,_TEXT:goodEggTry&_END,
eggfairy3,_TEXT:lakenoegg&_END,
eggfairy4,"_TEXT:lakeegg,sYes,sNo",
eggfairy5,"?[{""q"":""d==0"",""v"":7},{""q"":""d===1"",""v"":6}]",
eggfairy6,_TEXT:lakeegg.reject&_END,
eggfairy7,"_SOUND:eggdrop&_TEXT:lakeegg.okay&_TAKE:egg,1",
eggfairy8,_TEXT:dotdotdot,
eggfairy9,eggFairy_ANIM:EggF1&_TEXT:lakeegg(1-2),
eggfairy10,"_TEXT:lakeegg3,sYes,sNo",
eggfairy11,"?[{""q"":""d===0"",""v"":12},{""q"":""d===1"",""v"":14}]",
eggfairy12,"_TEXT:lakeeggLie&eggFairy_ANIM:EggF3&_TAKE:egg,999&_TAKE:quail,999&_TAKE:goose,999&_TAKE:turkey,999&_TAKE:platypus,999",
eggfairy13,_ALIGNGOOD:-1&_TEXT:lakeFinish&eggFairy_ANIM:EggF0&_COMPLETEQUEST:badEgg&_END,
eggfairy14,"_SOUND:itemget&_CHIEVO:lakeFairy&_TEXT:lakeeggTruth&eggFairy_ANIM:EggF2&_GIVE:egg,1&_GIVE:goldegg,1",
eggfairy15,_TEXT:lakeFinish&eggFairy_ANIM:EggF0&_COMPLETEQUEST:goodEgg,
*,Farm: First Boss (Big Bot),
bigBot0,_TEXT:B1.(0-4),
bigBot1,_FIGHT:bigBot,
bigBotL0,_TEXT:B1.5,
bigBotL1,_FIGHT:bigBot,
bigBotW0,corpseBot_VISIBLE:true&_CHIEVO:boss1&_CUSTOM:WIPEFARMBOTS&_COMPLETEQUEST:bigBot&_TEXT:Pb1.(0-1),
bigBotW1,"_TEXT:Pb1.2,Pb1.2a,Pb1.2b",
bigBotW2,"?[{""q"":""d===0"",""v"":3},{""q"":""d===1"",""v"":4}]",
bigBotW3,"_ALIGNTECH:-1&_TEXT:Pb1.2a0&_SETSTATE:5&_GIVE:beet,10&_GIVE:banana,5&_GIVE:spinach,5&_GIVE:rhubarb,2&_GIVE:ginger,10",
bigBotW4,"_ALIGNTECH:1&_TEXT:Pb1.2b0&_GIVE:~modulator,1&_FIXTUT",
bigBotW5,_TEXT:Pb1.3,
bigBotW6,_CUSTOM:KABOOMHAUER,
bigBotW7,_TEXT:Pb1.(4-5),
bigBotW8,_CUSTOM:CLEANBOOM&_QUIT,
*,Misc.: Standard Enemy,
enemy0,_CUSTOM:ENEMY0,
enemy1,_CUSTOM:ENEMY1,
*,Farm: Mushroom Log,
FarmMush0,"_GIVE:portobello,1&_TEXT:farmMush(0-1)",
*,Farm: Beehive,
FarmHive0,"_SOUND:itemget&targ_VISIBLE:false&_TEXT:hiveGet&_GIVE:~beehive,1&_GIVE:beeG,5",
FarmHive1,_CUSTOM:BEEGUARDIANAPPEAR&_TEXT:FarmHive(0-3),
FarmHive2,_TEXT:FarmHive4&_CLEARTARGET,
*,Forest: Optional Boss (Turkey),
turky0,targ_ISMOVING:true&_ALIGNGOOD:-1&_TEXT:bossturky(0-1),
turky1,_FIGHT:bossturky,
*,Forest: Beehive,
ForestHive0,"_SOUND:itemget&_CLEARTARGET&_TEXT:hiveGet&_GIVE:~beehive,1&_GIVE:beeB,5",
ForestHive1,_TEXT:ForestHive(0-1),
ForestHive2,_SOUND:bear&bearbo_VISIBLE:true&pl_SETDIR:2&_TEXT:ForestHive2,
ForestHive3,bearbo_SETTARGET&_CLEARTARGET&_FIGHT:bear,
*,Forest: Bad Influence Rabbit,
rabbit0,"?[{""q"":""player.completedQuest('rabbitShit')"",""v"":1},{""q"":""true"",""v"":2}]",
rabbit1,targ_TALK&_TEXT:rabbitOut&_END,
rabbit2,targ_TALK&_TEXT:rabbit0,
rabbit3,"_TEXT:rabbit1,buyfertilizer,sNo",
rabbit4,"?[{""q"":""d===1"",""v"":5},{""q"":""player.monies < 500"",""v"":6},{""q"":""d===0"",""v"":7}]",
rabbit5,_TEXT:rabbit2&_END,
rabbit6,_TEXT:rabbit3&_END,
rabbit7,_CHIEVO:badrabbit&_MONEY:-500&_GIVE:~strongsoil&_COMPLETEQUEST:rabbitShit&_TEXT:rabbit4,
rabbit8,_STARTTRANSITIONANIM&_BLACKTEXT:rabbit5&_SOUND:fart,
rabbit9,_TRANSITIONANIM&_BLACKTEXT:rabbit6,
rabbit10,_TEXT:rabbit7,
*,Forest: Sad Fish,
sadfish0,"?[{""q"":""player.completedQuest('friendToFish')&&player.hasUsedFish()"",""v"":9},{""q"":""player.completedQuest('friendToFish')"",""v"":8},{""q"":""player.hasUsedFish()"",""v"":5},{""q"":""player.hasAchievement('vegan')"",""v"":6},{""q"":""player.completedQuest('fishyTalk')"",""v"":3},{""q"":""true"",""v"":1}]",
sadfish1,targ_VISIBLE:true&_TEXT:fishyFriend(0-1),
sadfish2,_COMPLETEQUEST:fishyTalk&_TEXT:fishyFriend2&_SETSTATE:4,
sadfish3,targ_VISIBLE:true&_TEXT:fishyFriendX,
sadfish4,targ_VISIBLE:false&_QUIT,
sadfish5,targ_VISIBLE:true&_TEXT:fishyFriendWronged&_SETSTATE:4,
sadfish6,targ_VISIBLE:true&_TEXT:fishyFriendGood0,
sadfish7,_COMPLETEQUEST:friendToFish&targ_VISIBLE:false&_MONEY:5000&_TEXT:fishyFriendGood1&_END,
sadfish8,targ_VISIBLE:true&_TEXT:fishyFriendBest&_SETSTATE:4,
sadfish9,targ_VISIBLE:true&_TEXT:fishyFriendBetrayed&_SETSTATE:4,
*,Forest: Lime,
lime0,"?[{""q"":""player.completedQuest('limeAndTheCoconut')"",""v"":3},{""q"":""player.hasQuest('limeAndTheCoconut')"",""v"":4},{""q"":""true"",""v"":1}]",
lime1,targ_TALK&_STARTQUEST:limeAndTheCoconut&_TEXT:lime(0-2),
lime2,_TEXT:lime3&_END,
lime3,targ_TALK&_TEXT:lime.complete&_END,
lime4,targ_TALK&_CUSTOM:LIMESTART,
lime5,??LIMENEXT,
lime6,_TEXT:lime.lemon2,
lime7,_TEXT:lime.lemon3&_END,
lime8,_TEXT:lime.banana2,
lime9,"_CHIEVO:limeTime&_COMPLETEQUEST:limeAndTheCoconut&_TAKE:banana,1&_GIVE:corn,10&_TEXT:lime.banana3&_END",
lime10,_TEXT:lime.corn2,
lime11,"_CHIEVO:limeTime&_COMPLETEQUEST:limeAndTheCoconut&_TAKE:corn,1&_GIVE:banana,10&_TEXT:lime.corn3&_END",
lime12,"_SOUND:itemget&_CHIEVO:limeTime&_COMPLETEQUEST:limeAndTheCoconut&_TAKE:goldegg,1&_GIVE:coconut,2&_TEXT:lime.egg(2-3)&_CUSTOM:GIVEGOLDEGG",
*,Below Village: Beehive,
BelowHive0,"_SOUND:itemget&targ_VISIBLE:false&_TEXT:hiveGet&_GIVE:~beehive,1&_GIVE:beeB,5&_CLEARTARGET",
*,Mole Home: Mole,
mole0,"?[{""q"":""player.completedQuest('mole')"",""v"":1},{""q"":""player.hasQuest('mole')"",""v"":2},{""q"":""true"",""v"":7}]",
mole1,targ_ISMOVING:true&_TEXT:moleVictory&_END,
mole2,"targ_ISMOVING:true&_TEXT:moleMaybe,moleYes,moleNo",
mole3,"?[{""q"":""d===0"",""v"":5},{""q"":""d===1"",""v"":4}]",
mole4,_TEXT:moleMad&_END,
mole5,_TEXT:moleHappy(1-4),
mole6,_CHALLENGE:mole&_END,
mole7,targ_ISMOVING:true&_STARTQUEST:mole&_TEXT:mole(1-4),
mole8,"_TEXT:mole5,moleYes,moleNo",
mole9,"?[{""q"":""d===0"",""v"":5},{""q"":""d===1"",""v"":4}]",
mole_done0,"?[{""q"":""player.chingredients.length === 0"",""v"":1},{""q"":""true"",""v"":2}]",
mole_done1,_TEXT:moleCookNope&_END,
mole_done2,_CUSTOM:CHALMOLE,
mole_done3,_TEXT:moleCookWrong2,
mole_done4,_TEXT:moleCookWrong3&_END,
mole_done5,_TEXT:moleCookRight(2-6),
molebook0,_TEXT:moleBook(1-2),
*,Research Lab: Seed Shooters,
seedShot0,"?[{""q"":""game.target.hasShot-- > 0"",""v"":1},{""q"":""true"",""v"":2}]",
seedShot1,_QUIT,
seedShot2,_TEXT:seedshot&_CUSTOM:SEEDSHOT,
seedShot3,"?[{""q"":""player.health > 0"",""v"":1},{""q"":""true"",""v"":4}]",
seedShot4,_TEXT:seedshotdeath,
seedShot5,_CUSTOM:SEEDSHOTKILL,
*,Research Lab: RAPBATTLE,
rap0,"?[{""q"":""player.completedQuest('rapbattle')"",""v"":3},{""q"":""player.hasQuest('rapbattle')"",""v"":4},{""q"":""true"",""v"":1}]",
rap1,_STARTQUEST:rapbattle&_TEXT:rap(0-2),
rap2,_TEXT:rap3&_END,
rap3,_TEXT:rap.thanks&_END,
rap4,_CUSTOM:RAPSTART,
rap5,??RAPNEXT,
rap6,"_TAKE:garlic,1&_TEXT:rap.garlic(2-5)",
rap7,"_CHIEVO:RAPBATTLE&_COMPLETEQUEST:rapbattle&_GIVE:battery,10&_TEXT:rap.normalgift&_CUSTOM:GIVECROP&_END",
rap8,"_TAKE:rice,1&_TEXT:rap.rice(2-3)",
rap9,_TEXT:rap.rice4&_SETSTATE:7,
rap10,_TEXT:rap.coconut(2-6),
rap11,"_SOUND:itemget&_CHIEVO:RAPBATTLE&_COMPLETEQUEST:rapbattle&_TAKE:coconut,1&_GIVE:gmocorn,2&_TEXT:rap.coconut7&_CUSTOM:GIVECROP",
*,Research Lab: Second Boss (Jeff),
jeff0,_TEXT:B2.0,
jeff1,targ_ANIM:DrJeff2&_TEXT:B2.(1-11),
jeff2,_FIGHT:ScienceMan,
jeffL0,_TEXT:B2.12,
jeffL1,_FIGHT:ScienceMan,
jeffW0,bonkedJeff_VISIBLE:true&_CHIEVO:boss2&_COMPLETEQUEST:researchLab&_TEXT:Pb2.(0-3),
jeffW1,bonkedJeff_ISMOVING:false&_TEXT:Pb2.4,
jeffW2,bonkedJeff_ISMOVING:true&_TEXT:Pb2.5,
jeffW3,bonkedJeff_ISMOVING:false&_TEXT:Pb2.6,
jeffW4,bonkedJeff_ISMOVING:true&_TEXT:Pb2.7,
jeffW5,bonkedJeff_ISMOVING:false&_CUSTOM:APPROACHCALSOTTE,
jeffW6,_TEXT:Pb2.8,
jeffW7,bonkedJeff_ISMOVING:true&_TEXT:Pb2.(9-15),
jeffW8,bonkedJeff_ISMOVING:false&_CUSTOM:GETCALSOTTE,
jeffW9,bonkedJeff_ISMOVING:true&_TEXT:Pb2.17,
jeffW10,_CUSTOM:DRJEFFDROP,
jeffW11,_TEXT:Pb2.(19-20),
*,Bridge: First Worker,
workerA0,"?[{""q"":""player.hasQuestState('helpSeaMonster', 'help')"",""v"":3},{""q"":""true"",""v"":1}]",
workerA1,targ_ISMOVING:true&_TEXT:constr1.fr1,
workerA2,_TEXT:constr1.fr2&_END,
workerA3,targ_ISMOVING:true&_TEXT:constr1.foe1,
workerA4,_FIGHT:Worker,
*,Bridge: Regular Worker,
workerB0,"?[{""q"":""player.hasQuestState('helpSeaMonster', 'help')"",""v"":3},{""q"":""true"",""v"":1}]",
workerB1,targ_ANIM:WorkerTalk&_TEXT:w22,
workerB2,targ_ANIM:Worker&_QUIT,
workerB3,targ_ANIM:WorkerTalk&_TEXT:w21,
workerB4,targ_ANIM:Worker&_FIGHT:Worker,
*,Bridge: CC,
cc0,"?[{""q"":""player.completedQuest('cc')"",""v"":7},{""q"":""player.completedQuest('ccbad')"",""v"":8},{""q"":""true"",""v"":1}]",
cc1,_TEXT:cc1,
cc2,"_TEXT:cc2,ccYes,ccNo",
cc3,"?[{""q"":""d===0"",""v"":4},{""q"":""d===1"",""v"":6}]",
cc4,_TEXT:ccHelp,
cc5,_CHALLENGE:cc&_END,
cc6,_TEXT:ccNope&_END,
cc7,_TEXT:ccHappy&_END,
cc8,_TEXT:ccFailed&_END,
cc_done0,"?[{""q"":""player.chingredients.length === 0"",""v"":1},{""q"":""true"",""v"":2}]",
cc_done1,_TEXT:ccNoDish&_END,
cc_done2,_TEXT:ccDish,
cc_done3,_CUSTOM:CHALCC,
cc_done4,_TEXT:ccWin1,
cc_done5,_TEXT:ccWin2&_END,
cc_done6,_TEXT:ccHate2&_END,
*,Bridge: Third Boss (Worker Chief),
workerX0,"?[{""q"":""player.hasQuestState('getHeart', 'nope')"",""v"":11},{""q"":""true"",""v"":1}]",
workerX1,"?[{""q"":""player.hasQuestState('helpSeaMonster', 'help')"",""v"":9},{""q"":""true"",""v"":2}]",
workerX2,"?[{""q"":""player.hasQuestState('getHeart', 'hold')"",""v"":19},{""q"":""true"",""v"":3}]",
workerX3,"?[{""q"":""player.hasQuestState('getHeart', 'heart')"",""v"":21},{""q"":""true"",""v"":4}]",
workerX4,"?[{""q"":""player.hasQuestState('getHeart', 'weirdheart')"",""v"":12},{""q"":""true"",""v"":5}]",
workerX5,"?[{""q"":""player.hasQuestState('getHeart', 'yep')"",""v"":8},{""q"":""true"",""v"":6}]",
workerX6,targ_ISMOVING:true&_TEXT:bworker(1-8),
workerX7,"_TEXT:bworker9&_SETQUEST:getHeart,yep&_END",
workerX8,targ_ISMOVING:true&_TEXT:bworker10&_END,
workerX9,"targ_ISMOVING:true&_SETQUEST:getHeart,nope&_TEXT:bworkerMad(1-3)",
workerX10,"targ_ISMOVING:false&_FIGHT:Worker,BossWorker,Worker",
workerX11,targ_ISMOVING:true&_TEXT:bworkerMad4&_SETSTATE:10,
workerX12,targ_ISMOVING:true&_TEXT:bworkerC(1-3),
workerX13,"_TEXT:bworkerC4,sYes,sNo",
workerX14,"?[{""q"":""d===0"",""v"":16},{""q"":""d===1"",""v"":15}]",
workerX15,"_TEXT:bworkerCN&_SETQUEST:getHeart,hold&_END",
workerX16,targ_ISMOVING:true&_TEXT:bworkerCY,
workerX17,_TEXT:bworkerB4,
workerX18,_CHIEVO:boss3hurt&_CUSTOM:CONSTWORKWIN&_END,
workerX19,"targ_ISMOVING:true&_TEXT:bworkerC5,sYes,sNo",
workerX20,"?[{""q"":""d===0"",""v"":16},{""q"":""d===1"",""v"":15}]",
workerX21,targ_ISMOVING:true&_TEXT:bworkerB(2-4)&_SETSTATE:18,
workerF0,SadConstr_VISIBLE:true&_TEXT:bworkerMad(5-6),
workerF1,_CUSTOM:CONSTWORKFLEE,
*,Underwater: Third Boss (Sea Monster),
seamon0,"?[{""q"":""player.completedQuest('helpSeaMonster')"",""v"":1},{""q"":""true"",""v"":2}]",
seamon1,targ_ISMOVING:true&_TEXT:smD7&_END,
seamon2,"?[{""q"":""player.hasQuestState('helpSeaMonster', 'gotEgg')"",""v"":14},{""q"":""true"",""v"":3}]",
seamon3,"?[{""q"":""player.hasQuestState('helpSeaMonster', 'help')"",""v"":6},{""q"":""true"",""v"":4}]",
seamon4,"?[{""q"":""player.hasQuestState('helpSeaMonster', 'fight')"",""v"":16},{""q"":""true"",""v"":5}]",
seamon5,"?[{""q"":""player.hasQuestState('helpSeaMonster', 'wait')"",""v"":17},{""q"":""true"",""v"":7}]",
seamon6,targ_ISMOVING:true&_TEXT:smA2&_END,
seamon7,targ_ISMOVING:true&_TEXT:sm(1-3),
seamon8,"_TEXT:sm4,sm4c1,sm4c2,sm4c3",
seamon9,"?[{""q"":""d===0"",""v"":10},{""q"":""d===1"",""v"":12},{""q"":""d===2"",""v"":11}]",
seamon10,"_SETQUEST:helpSeaMonster,help&_TEXT:smA1&_END",
seamon11,"_SETQUEST:helpSeaMonster,wait&_TEXT:smC1&_END",
seamon12,"_SETQUEST:helpSeaMonster,fight&_TEXT:smB1",
seamon13,"_FIGHT:seaHandR,seaMan,seaHandL&_END",
seamon14,targ_ISMOVING:true&_TEXT:smD(1-4),
seamon15,"_GO2:[""bridge"",8,4.5,""FishMoved""]",
seamon16,targ_ISMOVING:true&_TEXT:smB2&_SETSTATE:13,
seamon17,"targ_ISMOVING:true&_TEXT:sm5,sm4c1,sm4c2,sm4c3",
seamon18,"?[{""q"":""d===0"",""v"":10},{""q"":""d===1"",""v"":12},{""q"":""d===2"",""v"":11}]",
deadsea0,_CUSTOM:DEADFISH,
deadsea1,_SOUND:water&_TEXT:bworkerA(2-3),
*,Bridge: Sea Monster helps you move debris,
seahelp0,_CUSTOM:SEAHELP0,
seahelp1,smt_ISMOVING:false&_CUSTOM:SEAHELP1,
seahelp2,smt_ISMOVING:true&_CHIEVO:boss3help&_ALIGNGOOD:1&_COMPLETEQUEST:helpSeaMonster&_COMPLETEQUEST:getHeart&_TEXT:smD(6-7),
seahelp3,smt_ISMOVING:false&_QUIT,
*,Underwater: Pirate Sea Monk,
piratemonk0,"?[{""q"":""player.completedQuest('seamonkey')"",""v"":2},{""q"":""true"",""v"":1}]",
piratemonk1,"?[{""q"":""player.hasQuestState('seamonkey', 'looking')"",""v"":2},{""q"":""true"",""v"":3}]",
piratemonk2,targ_ISMOVING:true&_TEXT:pirateMonkR5&_END,
piratemonk3,"?[{""q"":""player.hasQuest('seamonkey')"",""v"":6},{""q"":""true"",""v"":4}]",
piratemonk4,targ_ISMOVING:true&_TEXT:pirateMonk(1-3),
piratemonk5,"_TEXT:pirateMonk4&_SETQUEST:seamonkey,waitingForItem&_END",
piratemonk6,targ_ISMOVING:true&_CUSTOM:PIRATESTART,
piratemonk7,??PIRATENEXT,
piratemonk8,_COMPLETEQUEST:seamonkey&_TEXT:pirateMonkR(2-4),
piratemonk9,"_GIVE:tomato,5&_GIVE:ginger,4&_GIVE:pineapple,3&_GIVE:bellpepper,2&_GIVE:greenshroom,1&_TEXT:pirateMonkR5&targ_ISMOVING:false&_CUSTOM:GIVERICE&_END",
piratemonk10,_TEXT:pirateMonkG(2-5),
piratemonk11,"_SOUND:itemget&_TEXT:pirateMonkG6&_TAKE:gmocorn,1&_SETQUEST:seamonkey,looking&targ_ISMOVING:false&_CUSTOM:GIVEGMO",
*,Underwater: Pirate Sea Monk's Treasure,
seamonkey0,"?[{""q"":""game.target.open"",""v"":1},{""q"":""player.hasQuestState('seamonkey', 'looking')"",""v"":3},{""q"":""true"",""v"":2}]",
seamonkey1,_TEXT:openchest&_END,
seamonkey2,_TEXT:chestLocked&_END,
seamonkey3,_TEXT:chestUnlock(1-2),
seamonkey4,_SOUND:itemget&_CHIEVO:dowel&_CUSTOM:PIRATETREASURE,
*,Underwater: Kelp Boy's Vase,
kelpVase0,"?[{""q"":""player.completedQuest('kelpBoy')"",""v"":1},{""q"":""true"",""v"":2}]",
kelpVase1,_TEXT:vaseFoundBee&_END,
kelpVase2,"_TEXT:vaseFound,sYes,sNo",
kelpVase3,"?[{""q"":""d===0"",""v"":5},{""q"":""d===1"",""v"":4}]",
kelpVase4,_TEXT:vaseDont&_END,
kelpVase5,"_SOUND:breakvase&_TEXT:vaseDo0&targ_ANIM:Vase2&KelpBoy_ANIM:Kelp2&targ_SOLID:false&_SETQUEST:kelpBoy,fuck&_PUSHCLEAREDTARGET:Vase",
kelpVase6,KelpBoy_ISMOVING:true&_TEXT:vaseDo(1-2),
kelpVase7,_ALIGNGOOD:-0.75&_FIGHT:kelpBoy,
*,Underwater: Kelp Boy,
kelpBoy0,"?[{""q"":""player.completedQuest('kelpBoy')"",""v"":1},{""q"":""player.hasQuestState('kelpBoy', 'wantMilk')"",""v"":3},{""q"":""player.hasQuestState('kelpBoy','gotMilk')"",""v"":4},{""q"":""player.hasQuestState('kelpBoy','fuck')"",""v"":6},{""q"":""true"",""v"":2}]",
kelpBoy1,KelpBoy_ISMOVING:true&_TEXT:kelpBoyEnd&_END,
kelpBoy2,"KelpBoy_ISMOVING:true&_SETQUEST:kelpBoy,wantMilk&_TEXT:kelpBoy(0-2)&_END",
kelpBoy3,KelpBoy_ISMOVING:true&_TEXT:kelpBoy2&_END,
kelpBoy4,KelpBoy_ISMOVING:true&_COMPLETEQUEST:kelpBoy&_ALIGNGOOD:0.25&_TEXT:kelpBoy(3-5),
kelpBoy5,"_SOUND:itemget&KelpBoy_ISMOVING:false&_CHIEVO:kelpBuddy&meHive_SETTARGET&_CLEARTARGET&_TEXT:hiveGet&_GIVE:~beehive&_GIVE:beeB,5&_END",
kelpBoy6,KelpBoy_ISMOVING:true&_TEXT:vaseDo3,
kelpBoy7,_FIGHT:kelpBoy,
*,Underwater: Kelp Boy Defeated,
kelpDead0,_CUSTOM:KELPDEAD,
*,Underwater: Kelp Boy's Beehive,
kelpHive0,"?[{""q"":""player.hasQuestState('kelpBoy', 'deadass')"",""v"":4},{""q"":""player.hasQuest('kelpBoy')"",""v"":2},{""q"":""true"",""v"":1}]",
kelpHive1,KelpBoy_ISMOVING:true&_TEXT:vaseDo5&_SETSTATE:3,
kelpHive2,KelpBoy_ISMOVING:true&_TEXT:vaseDo4,
kelpHive3,_FIGHT:kelpBoy,
kelpHive4,"_SOUND:itemget&_TEXT:hiveGet&_GIVE:~beehive&_GIVE:beeR,5&_CLEARTARGET&_COMPLETEQUEST:kelpBoy",
*,Underwater: Kelp Boy Defeated At Beehive,
kelpDeadBee0,_CUSTOM:KELPDEAD,
kelpDeadBee1,"_SOUND:itemget&_TEXT:hiveGet&_GIVE:~beehive&_GIVE:beeR,5&_CLEARTARGET&_COMPLETEQUEST:kelpBoy",
*,Bridge: Cow,
bridgeCow0,"?[{""q"":""player.hasQuestState('kelpBoy', 'wantMilk')"",""v"":3},{""q"":""true"",""v"":1}]",
bridgeCow1,targ_ANIM:Cow2&_TEXT:kelpCow0,
bridgeCow2,targ_ANIM:Cow1&_QUIT,
bridgeCow3,targ_ANIM:Cow2&_TEXT:kelpCow(1-4),
bridgeCow4,"_SOUND:itemget&_SETQUEST:kelpBoy,gotMilk&targ_ANIM:Cow1&_QUIT",
*,Fake Farm: Flat Tire Opening Cutscene,
flatTire0,_BLACKTEXT:fakeFarmS&_CUSTOM:ENDTRANSITION,
flatTire1,_TRANSITIONANIM&_TEXT:fakeFarm0,
flatTire2,targ_ISMOVING:true&targ_MOVE:x22,
flatTire3,targ_ANIM:JefTalkR&pl_SETDIR:1&_TEXT:fakeFarm(1-4),
flatTire4,targ_SETDIR:1&targ_ANIM:Jef&targ_MOVE:x13,
flatTire5,targ_VISIBLE:false&_COMPLETEQUEST:findFakeFarm&targ_CLEARINTERACT&_QUIT,
*,Fake Farm: Farm TV Cutscene,
farmTV0,_SOUND:jeflaf&_TEXT:farmTV0,
farmTV1,_CLEARTEXT&pl_MOVE:y6,
farmTV2,pl_MOVE:x14.5,
farmTV3,pl_MOVE:y3.75,
farmTV4,_TEXT:farmTV(1-4),
farmTV5,_CUSTOM:FARMTVEND,
*,Fake Farm: Control Panel,
hotbox0,"?[{""q"":""player.hasQuestState('fakeFarm', 1)"",""v"":1},{""q"":""player.hasQuestState('fakeFarm', 2)"",""v"":2},{""q"":""true"",""v"":3}]",
hotbox1,_TEXT:hotboxX&_END,
hotbox2,_TEXT:hotbox2&_END,
hotbox3,_TEXT:hotbox1,
hotbox4,"_FIGHT:machineA,machineB,machineC,machineD",
hotboxEnd0,_CUSTOM:HOTBOXBEAT,
*,Fake Farm: Power Outlet,
outlet0,"?[{""q"":""player.hasQuestState('fakeFarm', 1)"",""v"":1},{""q"":""true"",""v"":2}]",
outlet1,_TEXT:farmTVunplug3&_END,
outlet2,_TEXT:farmTVunplug(0-1),
outlet3,_CUSTOM:UNPLUGOUTLET,
*,Fake Farm: Lawn Mower,
mower0,_CUSTOM:MOWER0,
mower1,_FIGHT:lawnmower,
*,Fake Farm: Busted Truck,
badTruck0,"?[{""q"":""player.completedQuest('gotTire')"",""v"":2},{""q"":""true"",""v"":1}]",
badTruck1,_TEXT:bustedTruck0&_END,
badTruck2,_CUSTOM:FIXTIRE,
*,Fake Farm: Fourth Boss (HOUSEKEEPER),
exitBarn0,"?[{""q"":""player.hasQuest('gotTire')"",""v"":2},{""q"":""true"",""v"":1}]",
exitBarn1,_CUSTOM:EXITBARN&_END,
exitBarn2,"?[{""q"":""player.hasQuestState('gotTire',1)"",""v"":9},{""q"":""true"",""v"":3}]",
exitBarn3,_TEXT:fakeFarm5,
exitBarn4,_CLEARTEXT&_CUSTOM:SETUPJEFF&FarmerJeff_MOVE:y29,
exitBarn5,FarmerJeff_ANIM:JefTalkS&_TEXT:fakeFarm(6-7),
exitBarn6,FarmerJeff_ANIM:Jef&FarmerJeff_ISMOVING:false&HK_ANIM:HOUSEKEEPERTalk&_TEXT:fakeFarm8,
exitBarn7,_TEXT:fakeFarm9,
exitBarn8,FarmerJeff_ANIM:JefTalkS&_TEXT:fakeFarm10,
exitBarn9,_TEXT:fakeFarm11,
exitBarn10,FarmerJeff_ANIM:Jef&FarmerJeff_ISMOVING:false&_TEXT:fakeFarm12,
exitBarn11,"_FIGHT:router,housekeeper,outlet,server",
exitBarn12,_TEXT:fakeFarm18&_SETSTATE:8,
*,Fake Farm: Beat HOUSEKEEPER,
beatBarn0,FarmerJeff_ANIM:JefTalkS&_CHIEVO:boss4&_TEXT:fakeFarm(13-16),
beatBarn1,_TEXT:fakeFarm17&FarmerJeff_SETTARGET&_CLEARTARGET&HK_SETTARGET&_CLEARTARGET&_COMPLETEQUEST:gotTire&_CUSTOM:EXITBARN&_CUSTOM:SECONDSKUNK,
*,Fake Farm: Look at HOUSEKEEPER,
housekeeper0,"?[{""q"":""player.hasQuestState('gotTire', 1)"",""v"":2},{""q"":""true"",""v"":1}]",
housekeeper1,_TEXT:HK.s0&_END,
housekeeper2,_TEXT:HK.s(1-2),
*,Fake Farm: Crouton,
crouton0,"?[{""q"":""player.completedQuest('croutonsFishingAdventure')"",""v"":1},{""q"":""player.hasQuest('croutonsFishingAdventure')"",""v"":4},{""q"":""true"",""v"":2}]",
crouton1,doggy_ANIM:CroutonTalk&_TEXT:arf.thanks&_SETSTATE:10,
crouton2,doggy_ANIM:CroutonTalk&_STARTQUEST:croutonsFishingAdventure&_TEXT:arf(0-2),
crouton3,doggy_ANIM:CroutonTalk&_TEXT:arf3&_SETSTATE:10,
crouton4,doggy_ANIM:CroutonTalk&_CUSTOM:CROUTONSTART,
crouton5,??CROUTONNEXT,
crouton6,_TEXT:arf.spear1&_SETSTATE:10,
crouton7,"_TEXT:arf.good1&_GIVE:fodder,20",
crouton8,_CHIEVO:crouton&_TEXT:arf.good2&_COMPLETEQUEST:croutonsFishingAdventure&_SETSTATE:10,
crouton9,"_SOUND:itemget&_TEXT:arf.ultra1&_GIVE:goodfood,20&_SETSTATE:8",
crouton10,doggy_ANIM:Crouton&_QUIT,
*,Misc.: Truck,
truck0,_CUSTOM:TRUCKSTART,
truck1,??TRUCKNEXT,
*,South City: Entrance,
southcity0,_TEXT:entercity0,
southcity1,pl_SETDIR:1&skumpy_VISIBLE:true&_TEXT:entercity1,
southcity2,skumpy_VISIBLE:false&_CLEARTEXT&pl_MOVE:y43,
southcity3,pl_MOVE:x41,
southcity4,pl_MOVE:y42,
southcity5,_CUSTOM:ENTERSKUMPY&pl_MOVE:y40.75,
southcity6,skumpy_ISMOVING:true&_TEXT:entercity2,
southcity7,skumpy_ISMOVING:false&_CLEARTEXT&pl_MOVE:x38,
southcity8,_CUSTOM:FORCEYZERO&pl_MOVE:y39,
southcity9,pl_MOVE:x41,
southcity10,pl_MOVE:y39.75,
southcity11,_HISPEED&bruno_MOVE:y43,
southcity12,bruno_SETDIR:1&bruno_MOVE:x41,
southcity13,bruno_SETDIR:0&bruno_MOVE:y40.75,
southcity14,bruno_SETDIR:1&bruno_MOVE:x40,
southcity15,skumpy_ISMOVING:true&bruno_SETDIR:0&bruno_ISMOVING:false&_TEXT:entercity3,
southcity16,skumpy_ISMOVING:false&_TEXT:entercity4,
southcity17,skumpy_ISMOVING:true&_TEXT:entercity5,
southcity18,skumpy_ISMOVING:false&_TEXT:entercity6,
southcity19,skumpy_ISMOVING:true&_TEXT:entercity7,
southcity20,skumpy_ISMOVING:false&_TEXT:entercity8,
southcity21,skumpy_ISMOVING:true&_TEXT:entercity9,
southcity22,skumpy_ISMOVING:false&_TEXT:entercity(10-11),
southcity23,"_LOSPEED&_TEXT:entercity12,mobchoice0,mobchoice1",
southcity24,"?[{""q"":""d===0"",""v"":25},{""q"":""d===1"",""v"":32}]",
southcity25,_ALIGNGOOD:1.5&_CUSTOM:SKUMPYTURN&_TEXT:entercity0.0,
southcity26,skumpy_ISMOVING:true&_TEXT:entercity0.1,
southcity27,skumpy_ISMOVING:false&_TEXT:entercity0.2,
southcity28,skumpy_ISMOVING:true&_TEXT:entercity0.3,
southcity29,skumpy_ISMOVING:false&bruno_SETDIR:0&_TEXT:entercity0.4,
southcity30,bruno_SETDIR:3&_TEXT:entercity0.5,
southcity31,_FIGHT:mrbruno&_END,
southcity32,_ALIGNGOOD:-1.5&skumpy_ISMOVING:true&_TEXT:entercity1.0,
southcity33,skumpy_ISMOVING:false&_TEXT:entercity1.(1-3),
southcity34,skumpy_ISMOVING:true&_TEXT:entercity1.4,
southcity35,skumpy_ISMOVING:false&_TEXT:entercity1.5,
southcity36,bruno_SETDIR:3&bruno_ISMOVING:true&bruno_MOVE:x41,
southcity37,bruno_SETDIR:2&bruno_MOVE:y42,
southcity38,bruno_SETDIR:3&bruno_MOVE:x44,
southcity39,bruno_SETDIR:0&bruno_MOVE:y33,
southcity40,_CUSTOM:SKUMPYCLEAN&skumpy_ISMOVING:true&_TEXT:entercity1.6,
southcity41,_CUSTOM:SKUMPYPOP&_TEXT:entercity1.7,
southcity42,_TEXT:entercity2.(0-9),
southcity43,_CUSTOM:SKUMPYEXIT,
*,South City: Beat Mobster,
beatbruno0,_CHIEVO:skumpy&_CUSTOM:BRUNOBEAT&skumpy_ISMOVING:true&_TEXT:entercity0.pb(0-2),
beatbruno1,_TEXT:entercity2.(0-9),
beatbruno2,_CUSTOM:SKUMPYEXIT,
*,South City: BAD END,
badEnd0,_CHIEVO:murderedToDeath&_TEXT:entercityBAD(0-9),
badEnd1,_CLEARTEXT&_NOSKIP&pl_MOVE:y18,
badEnd2,_NOSKIP&_CUSTOM:WAIT,
badEnd3,_CUSTOM:GOTOTITLE,
*,South City: Abuelita,
abuela0,"?[{""q"":""player.completedQuest('abuelitaBonita')"",""v"":1},{""q"":""player.hasQuest('abuelitaBonita')"",""v"":4},{""q"":""true"",""v"":2}]",
abuela1,targ_ISMOVING:true&_TEXT:kindLadyThanks&_END,
abuela2,targ_ISMOVING:true&_STARTQUEST:abuelitaBonita&_TEXT:kindLady(0-4),
abuela3,_TEXT:kindLady5&_END,
abuela4,targ_ISMOVING:true&_CUSTOM:ABUELASTART,
abuela5,??ABUELANEXT,
abuela6,_TEXT:kindLadyNorm(1-2),
abuela7,"targ_ISMOVING:false&_CHIEVO:abuelita&_GIVE:asparagus,20&_MONEY:10000&_TEXT:kindLadyNorm3&_COMPLETEQUEST:abuelitaBonita&_CUSTOM:ABUELADONE&_END",
abuela8,_TEXT:kindLadyGood(1-2),
abuela9,"_SOUND:itemget&targ_ISMOVING:false&_CHIEVO:abuelita&_GIVE:notdrugs,6&_MONEY:20000&_TEXT:kindLadyGood3&_CUSTOM:ABUELADONE&_COMPLETEQUEST:abuelitaBonita",
*,South City: Capo Mangia,
capo0,"?[{""q"":""player.completedQuest('capo')"",""v"":1},{""q"":""player.hasQuest('capo')"",""v"":2},{""q"":""true"",""v"":7}]",
capo1,targ_ISMOVING:true&_TEXT:capoComplete&_END,
capo2,"targ_ISMOVING:true&_TEXT:capo2,capoYes,capoNo",
capo3,"?[{""q"":""d===0"",""v"":5},{""q"":""d===1"",""v"":4}]",
capo4,_TEXT:capoReject&_END,
capo5,_TEXT:capoAccept,
capo6,_CHALLENGE:capo&_END,
capo7,targ_ISMOVING:true&_STARTQUEST:capo&_TEXT:capo(0-1),
capo8,"_TEXT:capo2,capoYes,capoNo",
capo9,"?[{""q"":""d===0"",""v"":5},{""q"":""d===1"",""v"":4}]",
capo_done0,"?[{""q"":""player.chingredients.length === 0"",""v"":1},{""q"":""true"",""v"":2}]",
capo_done1,_TEXT:capoNoSauce&_END,
capo_done2,_CUSTOM:CHALCAPO,
capo_done3,_TEXT:capoGoodSauce2,
*,South City: Fifth Boss (DON VAGANTE),
mobBoss0,targ_ISMOVING:true&_TEXT:mobBoss(0-15),
mobBoss1,"_FIGHT:mobBoss,mobsty2,mobsty2",
mobLost0,targ_ISMOVING:true&_TEXT:mobBack1,
mobLost1,"_FIGHT:mobBoss,mobsty2,mobsty2",
mobWon0,mobstHurt_VISIBLE:true&_ALIGNGOOD:0.75&_TEXT:beatMob(0-10),
mobWon1,_CHIEVO:bossMob&_CUSTOM:MOBFLEE&_TEXT:beatMob11,
*,North City: Mushroom Man,
mushman0,"?[{""q"":""player.completedQuest('stonehenge')"",""v"":1},{""q"":""player.hasQuest('stonehenge')"",""v"":5},{""q"":""true"",""v"":4}]",
mushman1,"?[{""q"":""player.completedQuest('youarebad')"",""v"":2},{""q"":""true"",""v"":3}]",
mushman2,_TEXT:mushManCorpse&_END,
mushman3,targ_ISMOVING:true&_TEXT:mushManThanks&_END,
mushman4,targ_ISMOVING:true&_TEXT:mushMan0&_END,
mushman5,targ_ISMOVING:true&_TEXT:mushMan1,
mushman6,_CUSTOM:MUSHSTART,
mushman7,??MUSHNEXT,
mushman8,targ_ANIM:Mush2&_TEXT:mushManGive1,
mushman9,"targ_ANIM:Mush1&_CHIEVO:stonehenge&_GIVE:chestnut,20&_TEXT:mushManNorm(0-1)&_COMPLETEQUEST:stonehenge&_SETSTATE:16",
mushman10,targ_ANIM:Mush2&_TEXT:mushManGive1,
mushman11,"_SOUND:itemget&targ_ANIM:Mush3&_CHIEVO:stonehenge&_GIVE:lotus,20&_TEXT:mushManGood(0-1)&_COMPLETEQUEST:stonehenge&_SETSTATE:17",
mushman12,targ_ANIM:Mush2&_TEXT:mushManGive1,
mushman13,targ_ANIM:Mush4&_ALIGNGOOD:-3&_TEXT:mushManPoison0,
mushman14,targ_ANIM:Mush5&_TEXT:mushManPoison1,
mushman15,_CHIEVO:stonehenge&_TEXT:mushManPoison2&_COMPLETEQUEST:stonehenge&_COMPLETEQUEST:youarebad&_END,
mushman16,targ_ISMOVING:false&_TEXT:mushManNorm2&_END,
mushman17,targ_ISMOVING:false&_TEXT:mushManGood2&_END,
*,North City: Mailman,
mailman0,"?[{""q"":""player.completedQuest('catmail')"",""v"":1},{""q"":""player.hasQuestState('catmail',1)"",""v"":1},{""q"":""true"",""v"":2}]",
mailman1,targ_ISMOVING:true&_TEXT:mailman5&_SETSTATE:3,
mailman2,_CUSTOM:CATMAIL&targ_ISMOVING:true&_TEXT:mailman(0-4),
mailman3,targ_ISMOVING:false&_QUIT,
*,North City: Radish on Counter,
freeRadish0,"?[{""q"":""player.completedQuest('freeRadish')"",""v"":2},{""q"":""true"",""v"":1}]",
freeRadish1,"_SOUND:itemget&_COMPLETEQUEST:freeRadish&_GIVE:radish,5&_TEXT:foundRadish0&_END",
freeRadish2,_TEXT:foundRadish1,
*,North City: Some Nerd,
someNerd0,"?[{""q"":""Math.random() < 0.4"",""v"":1},{""q"":""Math.random() < 0.5"",""v"":2},{""q"":""true"",""v"":3}]",
someNerd1,targ_ISMOVING:true&_TEXT:someNerd0&_END,
someNerd2,targ_ISMOVING:true&_TEXT:someNerd1&_END,
someNerd3,targ_ISMOVING:true&_TEXT:someNerd2,
*,North City: Jeromy (crazy4trout)'s Fishing Supplies ,
crazy4trout0,"targ_ISMOVING:true&_TEXT:troutMan0,troutChoice0,troutChoice1,troutChoice2,troutChoice3,troutChoice4",
crazy4trout1,"?[{""q"":""d===0"",""v"":4},{""q"":""d===1"",""v"":6},{""q"":""d===2"",""v"":8},{""q"":""d===3"",""v"":10},{""q"":""d===4"",""v"":2}]",
crazy4trout2,_TEXT:troutManNone&_END,
crazy4trout3,_TEXT:troutManNotEnough&_END,
crazy4trout4,"?[{""q"":""player.monies<1000"",""v"":3},{""q"":""true"",""v"":5}]",
crazy4trout5,"_MONEY:-1000&_GIVE:metalrod,5&_TEXT:troutManBuy&_END",
crazy4trout6,"?[{""q"":""player.monies<500"",""v"":3},{""q"":""true"",""v"":7}]",
crazy4trout7,"_MONEY:-500&_GIVE:net,10&_TEXT:troutManBuy&_END",
crazy4trout8,"?[{""q"":""player.monies<1000"",""v"":3},{""q"":""true"",""v"":9}]",
crazy4trout9,"_MONEY:-1000&_GIVE:bignet,10&_TEXT:troutManBuy&_END",
crazy4trout10,"?[{""q"":""player.monies<1000"",""v"":3},{""q"":""true"",""v"":11}]",
crazy4trout11,"_MONEY:-1000&_GIVE:spear,5&_TEXT:troutManBuy",
*,North City: Brandt,
brandt0,"?[{""q"":""player.completedQuest('theGoodSpanch')"",""v"":3},{""q"":""true"",""v"":1}]",
brandt1,"_SOUND:itemget&targ_ISMOVING:true&_COMPLETEQUEST:theGoodSpanch&_GIVE:spinach,100&_TEXT:bmw0",
brandt2,targ_ISMOVING:false&_TEXT:bmw1&_END,
brandt3,targ_ISMOVING:true&_TEXT:bmw2,
*,North City: Cash2 Investor,
cashBoy0,"targ_ISMOVING:true&_TEXT:cashMan0,sNo,sYes",
cashBoy1,"?[{""q"":""d===0"",""v"":2},{""q"":""d===1"",""v"":3}]",
cashBoy2,_TEXT:cashManNo&_END,
cashBoy3,_TEXT:cashManYes(0-8),
*,North City: Cash2 ATM,
atm0,"_C2TEXT:atm0,atmc0,atmc1,atmc2",
atm1,"?[{""q"":""d===0"",""v"":3},{""q"":""d===1"",""v"":6},{""q"":""d===2"",""v"":2}]",
atm2,_TEXT:atmX&_END,
atm3,"?[{""q"":""player.monies<1000"",""v"":4},{""q"":""true"",""v"":5}]",
atm4,_TEXT:atmc0.X&_END,
atm5,_ALIGNGOOD:-0.2&_ALIGNTECH:0.1&_CUSTOM:C2BUY&_C2TEXT:atmc0.0&_END,
atm6,"?[{""q"":""player.c2<1"",""v"":7},{""q"":""true"",""v"":8}]",
atm7,_TEXT:atmc1.X&_END,
atm8,_ALIGNGOOD:-0.2&_ALIGNTECH:0.1&_CUSTOM:C2SELL&_C2TEXT:atmc1.0&_END,
*,North City: Bank Robbery,
robber0,_TEXT:robber(0-1),
robber1,"_FIGHT:robber,robber",
*,North City: Food2 Entrance,
foodDoor0,"?[{""q"":""player.completedQuest('keycard')"",""v"":3},{""q"":""player.hasQuest('keycard')"",""v"":2},{""q"":""true"",""v"":1}]",
foodDoor1,_TEXT:foodEnter0&_END,
foodDoor2,_TEXT:foodEnter2&_END,
foodDoor3,_SOUND:door&_TEXT:foodEnter1&_CLEARTARGET,
*,North City: Sixth Boss (DWEEBLORD),
keycard0,_SOUND:itemget&_STARTQUEST:keycard&_TEXT:keycard0,
keycard1,_CLEARTARGET&_QUIT,
keytrap0,"?[{""q"":""player.hasQuest('keycard')"",""v"":2},{""q"":""true"",""v"":1}]",
keytrap1,_QUIT,
keytrap2,_SOUND:boom&dweeb_ANIM:Dweeb2&_TEXT:keycard1&_CUSTOM:SCREENSHAKE&_CUSTOM:DESTROYBUILDING,
keytrap3,_CLEARTEXT&mech_VISIBLE:true&pl_MOVE:y23.25,
keytrap4,_SOUND:nerdfall&_HISPEED&dweeb_ANIM:Dweeb3&dweeb_SETPOSX:44.5&_CUSTOM:FORCEYZERO&dweeb_MOVE:y25.25,
keytrap5,_LOSPEED&_TEXT:keycard(2-3),
keytrap6,_FIGHT:dweebLord,
keyfail0,_TEXT:keycard4,
keyfail1,_FIGHT:dweebLord,
keywin0,_CHIEVO:boss5&_COMPLETEQUEST:keycard&_TEXT:keycard5&_CUSTOM:THIRDSKUNK,
keywin1,_SOUND:nerdfall2&_HISPEED&_CUSTOM:FORCEYZERO&dweeb_ANIM:Dweeb3&dweeb_MOVE:y15,
keywin2,_LOSPEED&_CUSTOM:UNFORCEYZERO&dweeb_SETTARGET&_CLEARTARGET&_CUSTOM:NERDBOOM,
keywin3,scrungus_SETTARGET&_CLEARTARGET&keytrap_SETTARGET&_CLEARTARGET&_CUSTOM:CLEANBOOM&_QUIT,
*,Food2: First Floor,
food2Start0,"?[{""q"":""player.completedQuest('talkedToReceptionist')"",""v"":1},{""q"":""true"",""v"":2}]",
food2Start1,recep_ISMOVING:true&_TEXT:enterHQ4&_SETSTATE:3,
food2Start2,recep_ISMOVING:true&_COMPLETEQUEST:talkedToReceptionist&_TEXT:enterHQ(0-3),
food2Start3,recep_ISMOVING:false&_QUIT,
*,Food2: First Floor Bed,
hqBed0,_CUSTOM:SETNERDBED&_TEXT:nerdBed,
*,Food2: Third Floor,
food2Third0,_TEXT:intercom(0-6),
*,Food2: Seventh Boss (Beckett),
food2Fifth0,_TEXT:confront0,
food2Fifth1,beckettBack_ANIM:BeckBack2&beckettBack_ISMOVING:true&_TEXT:confront1,
food2Fifth2,beckettBack_ISMOVING:false&_TEXT:confront2,
food2Fifth3,beckettBack_ISMOVING:true&_TEXT:confront3,
food2Fifth4,beckettBack_ANIM:BeckBack3&_TEXT:confront4,
food2Fifth5,beckettBack_ANIM:BeckBack2&_TEXT:confront(5-11),
food2Fifth6,beckettBack_ANIM:BeckBack3&_TEXT:confront12,
food2Fifth7,beckettBack_ANIM:BeckBack2&beckettBack_ISMOVING:false&_FIGHT:beckett,
food2Lost0,beckettBack_ANIM:BeckBack2&beckettBack_ISMOVING:true&_TEXT:beckettBack0,
food2Lost1,beckettBack_ISMOVING:false&_FIGHT:beckett,
food2Beat0,beckettBack_ISMOVING:true&beckettBack_ANIM:BeckBack3&_TEXT:postBeckett(0-2),
food2Beat1,_CLEARTEXT&beckettBack_ANIM:BeckBack4&_HISPEED&beckettBack_MOVE:y8,
food2Beat2,_LOSPEED&_CLEARTARGET&beckettBack_SETTARGET&_CLEARTARGET&_QUIT,
*,Misc.: The Fucking Bird,
falcon0,_CUSTOM:BIRDSONG.OGG&pl_SETDIR:0&_SLEEP:1500,
falcon1,pl_SETDIR:1&_CUSTOM:ENTERTHEBIRD,
falcon2,_SLEEP:500,
falcon3,pl_ANIM:crouchL&_SLEEP:1000,
falcon4,bird_ANIM:Iii1&_CUSTOM:PLAYERREAD&_TEXT:falconMsg0,
falcon5,_CUSTOM:GETFALCONTEXT,
falcon6,"?[{""q"":""worldmap.mapName === 'hq_1'"",""v"":7},{""q"":""true"",""v"":9}]",
falcon7,_CUSTOM:EXITTHEBIRDFINAL,
falcon8,_CLEARTARGET&bird_SETTARGET&_CLEARTARGET&_QUIT,
falcon9,_CUSTOM:FALCONSELECT,
falcon10,pl_ANIM:crouchL&_SLEEP:1000,
falcon11,bird_ANIM:Iii2&_SLEEP:500,
falcon12,_CUSTOM:EXITTHEBIRD1,
falcon13,pl_SETDIR:3&_CLEARTARGET&_CUSTOM:EXITTHEBIRD2,
*,Food2: The Monster Found You,
ohFuck0,_SOUND:soybean&_TEXT:uhoh0,
ohFuck1,_CLEARTEXT&pl_SETDIR:0&_SLEEP:250,
ohFuck2,pl_SETDIR:1&_SLEEP:250,
ohFuck3,pl_SETDIR:2&_SLEEP:250,
ohFuck4,pl_SETDIR:3&_SLEEP:250,
ohFuck5,pl_SETDIR:0&_SLEEP:250,
ohFuck6,pl_SETDIR:1&_SLEEP:250,
ohFuck7,pl_SETDIR:2&_SLEEP:250,
ohFuck8,_CUSTOM:THEMONSTER&_SLEEP:2000,
ohFuck9,pl_SETDIR:0&_SLEEP:1000,
ohFuck10,_SOUND:soybean&_TEXT:uhoh0,
ohFuck11,_FIGHT:theMonster,
*,North City: You Got A Phone!,
newPhone0,_SOUND:vibrate&_TEXT:newPhone(0-3),
newPhone1,_CUSTOM:NEWPHONE&_TEXT:newPhone4,
newPhone2,_CLEARTEXT&_CUSTOM:PHONEPRESS&_CLEARTARGET&_QUIT,
*,North City: You Stopped a Crime!,
strobbery0,_CHIEVO:bankStop&_ALIGNGOOD:1&_CUSTOM:BEATROBBERS,
strobbery1,_CUSTOM:COPANIM1,
strobbery2,_CUSTOM:COPANIM2,
strobbery3,_CUSTOM:COPANIM3,
strobbery4,NewCop0_ANIM:CopTalk&_TEXT:copperStoppers(0-1),
strobbery5,NewCop0_ISMOVING:false&_TEXT:copperStoppers2,
strobbery6,NewCop0_ISMOVING:true&_TEXT:copperStoppers3,
strobbery7,NewCop0_ISMOVING:false&NewCop0_SETDIR:3&NewCop0_ANIM:Cop&_CUSTOM:COPANIM4,
strobbery8,_CUSTOM:COPANIM5,
strobbery9,NewCop0_ISMOVING:true&NewCop0_MOVE:x5,
strobbery10,NewCop0_SETDIR:2&NewCop0_MOVE:y6,
strobbery11,NewCop0_ANIM:CopTalk&pl_SETDIR:1&_TEXT:copperStoppers4,
strobbery12,NewCop0_ANIM:Cop&NewCop0_ISMOVING:false&_MONEY:5000&_TEXT:copperStoppers5,
strobbery13,NewCop0_SETDIR:2&NewCop0_ISMOVING:true&NewCop0_MOVE:y8,
strobbery14,pl_SETDIR:2&NewCop0_SETDIR:3&NewCop0_MOVE:x6.5,
strobbery15,NewCop0_SETDIR:2&NewCop0_MOVE:y16,
strobbery16,_CUSTOM:FINISHCOPS&_QUIT,
*,North City: Beehive,
OfficeHive0,"_SOUND:itemget&targ_VISIBLE:false&_TEXT:hiveGet&_GIVE:~beehive,1&_GIVE:beeB,3&_GIVE:beeG,4&_GIVE:beeR,2&_COMPLETEQUEST:officeBeehive&_CLEARTARGET",
*,North City: Office Lady,
officeLady0,"?[{""q"":""player.completedQuest('officeBeehive')"",""v"":1},{""q"":""true"",""v"":2}]",
officeLady1,targ_ISMOVING:true&_TEXT:officeLady2&_END,
officeLady2,targ_ISMOVING:true&_TEXT:officeLady(0-1),
*,North City: Sea Monk,
cityMonk0,_TEXT:cityMonk(0-1),
*,North City: Egg Dealer,
eggBoy0,"targ_ISMOVING:true&_TEXT:eggBoy0,eggBoyY,eggBoyN",
eggBoy1,"?[{""q"":""d===0"",""v"":2},{""q"":""d===1"",""v"":3}]",
eggBoy2,"?[{""q"":""player.monies<250"",""v"":4},{""q"":""true"",""v"":5}]",
eggBoy3,_TEXT:eggBoyNoSale&_END,
eggBoy4,_TEXT:eggBoyNoMoney&_END,
eggBoy5,_TEXT:eggBoyBuy,
eggBoy6,_SOUND:itemget&targ_ISMOVING:false&_CUSTOM:THEGIFTOFEGG,
*,Food2: Ed,
apuru0,"?[{""q"":""player.completedQuest('fuzuru')"",""v"":20},{""q"":""true"",""v"":1}]",
apuru1,ed_ISMOVING:true&_TEXT:fuzuruStart,
apuru2,"?[{""q"":""player.hasQuestState('fuzuru', 'c')"",""v"":15},{""q"":""player.hasQuestState('fuzuru', 'b')"",""v"":11},{""q"":""player.hasQuestState('fuzuru', 'a')"",""v"":8},{""q"":""true"",""v"":3}]",
apuru3,ed_ISMOVING:false&_TEXT:fuzuru0.1,
apuru4,ed_ISMOVING:true&_TEXT:fuzuru0.2,
apuru5,ed_ISMOVING:false&_TEXT:fuzuru0.3,
apuru6,ed_ISMOVING:true&_TEXT:fuzuru0.4,
apuru7,"ed_ISMOVING:false&_TEXT:fuzuruEnd&_SETQUEST:fuzuru,a&_END",
apuru8,ed_ISMOVING:false&_TEXT:fuzuru1.1,
apuru9,ed_ISMOVING:true&_TEXT:fuzuru1.2,
apuru10,"ed_ISMOVING:false&_TEXT:fuzuruEnd&_SETQUEST:fuzuru,b&_END",
apuru11,ed_ISMOVING:false&_TEXT:fuzuru2.1,
apuru12,ed_ISMOVING:true&_TEXT:fuzuru2.2,
apuru13,ed_ISMOVING:false&_TEXT:fuzuru2.3,
apuru14,"_TEXT:fuzuruEnd&_SETQUEST:fuzuru,c&_END",
apuru15,ed_ISMOVING:false&_TEXT:fuzuru3.1,
apuru16,ed_ISMOVING:true&_TEXT:fuzuru3.2,
apuru17,ed_ISMOVING:false&_TEXT:fuzuru3.3,
apuru18,ed_ISMOVING:true&_TEXT:fuzuru3.4,
apuru19,_TEXT:fuzuru3.5&_COMPLETEQUEST:fuzuru&_END,
apuru20,_TEXT:fuzuruLast,
*,Food2: Hungry Boy,
hungy0,"?[{""q"":""player.completedQuest('hungyboy')"",""v"":1},{""q"":""player.hasQuest('hungyboy')"",""v"":2},{""q"":""true"",""v"":7}]",
hungy1,targ_ISMOVING:true&_TEXT:hungryBoyWon&_END,
hungy2,"targ_ISMOVING:true&_TEXT:hungryBoyOffer2,hungryBoyYes2,hungryBoyNo2",
hungy3,"?[{""q"":""d===0"",""v"":5},{""q"":""d===1"",""v"":4}]",
hungy4,_TEXT:hungryBoyReject2&_END,
hungy5,_TEXT:hungryBoyAccept2,
hungy6,_CHALLENGE:hungy&_END,
hungy7,targ_ISMOVING:true&_STARTQUEST:hungyboy&_TEXT:hungryBoy(0-1),
hungy8,"_TEXT:hungryBoy2,hungryBoyYes,hungryBoyNo",
hungy9,"?[{""q"":""d===0"",""v"":11},{""q"":""d===1"",""v"":10}]",
hungy10,_TEXT:hungryBoyReject&_END,
hungy11,_TEXT:hungryBoyAccept,
hungy12,_CHALLENGE:hungy&_END,
hungy_done0,"?[{""q"":""player.chingredients.length === 0"",""v"":1},{""q"":""true"",""v"":2}]",
hungy_done1,_TEXT:hungryBoyNothing&_END,
hungy_done2,_CUSTOM:CHALHUNG,
hungy_done3,_TEXT:hungryBoyFed(1-7),
*,Food2: Hungry Boy's Food Bin,
hungyBin0,"?[{""q"":""player.completedQuest('hungybin')"",""v"":1},{""q"":""true"",""v"":2}]",
hungyBin1,_TEXT:hungyFoodBin1&_END,
hungyBin2,"_SOUND:itemget&_COMPLETEQUEST:hungybin&_TEXT:hungyFoodBin0&_GIVE:rhubarb,10&_GIVE:lemon,10&_GIVE:mango,10",
*,Food2: Hurt Nerd,
hurtNerd0,"?[{""q"":""player.hasQuest('helpNerd')"",""v"":6},{""q"":""true"",""v"":1}]",
hurtNerd1,trent_ISMOVING:true&_TEXT:hurtNerd(0-4),
hurtNerd2,"_TEXT:hurtNerd5,hurtNerdY,hurtNerdN",
hurtNerd3,"?[{""q"":""d===0"",""v"":10},{""q"":""d===1"",""v"":4}]",
hurtNerd4,"_SETQUEST:helpNerd,waiting&_TEXT:hurtNerdN(0-1)",
hurtNerd5,trent_ISMOVING:false&_QUIT,
hurtNerd6,"trent_ISMOVING:true&_TEXT:hurtNerdX0,hurtNerdY,hurtNerdN",
hurtNerd7,"?[{""q"":""d===0"",""v"":10},{""q"":""d===1"",""v"":8}]",
hurtNerd8,_TEXT:hurtNerdXN0,
hurtNerd9,trent_ISMOVING:false&_QUIT,
hurtNerd10,"_SETQUEST:helpNerd,helping&_TEXT:hurtNerdY(0-4)",
hurtNerd11,_CUSTOM:NERDUP&_QUIT,
*,Food2: Made it Upstairs,
to4F0,"?[{""q"":""player.hasQuestState('helpNerd', 'helping')"",""v"":2},{""q"":""true"",""v"":1}]",
to4F1,_QUIT,
to4F2,_ALIGNGOOD:2.5&_TEXT:savedNerd(0-7),
to4F3,_CHIEVO:helpNerd&_CUSTOM:NERDDOWN&_COMPLETEQUEST:helpNerd&_QUIT,
*,Food2: BAD END,
monstWon0,"?[{""q"":""player.hasQuestState('helpNerd', 'helping')"",""v"":2},{""q"":""true"",""v"":1}]",
monstWon1,_TEXT:lostToMonstA(0-3)&_SETSTATE:3,
monstWon2,_TEXT:lostToMonstB(0-2),
monstWon3,_CLEARTEXT&_NOSKIP&pl_MOVE:y18,
monstWon4,_NOSKIP&_CUSTOM:WAIT,
monstWon5,_CUSTOM:GOTOTITLE,
*,Food2: Beat the Monster,
monstLost0,"?[{""q"":""player.hasQuestState('helpNerd', 'helping')"",""v"":1},{""q"":""true"",""v"":3}]",
monstLost1,_CUSTOM:BEATMONSTER&_TEXT:beatMonster0,
monstLost2,_TEXT:beatMonster1&_END,
monstLost3,_CUSTOM:BEATMONSTER&_QUIT,
*,Food2: The Sacred Lotus,
lotus0,"?[{""q"":""player.completedQuest('theBeeQuest')"",""v"":7},{""q"":""player.hasItem('lotus')"",""v"":2},{""q"":""true"",""v"":1}]",
lotus1,_TEXT:dirtPileNo&_END,
lotus2,"_TEXT:dirtPileYes,sYes,sNo",
lotus3,"?[{""q"":""d===0"",""v"":5},{""q"":""d===1"",""v"":4}]",
lotus4,_TEXT:dirtPileNoPlant&_END,
lotus5,targ_VISIBLE:true&_TEXT:dirtPilePlant(0-1),
lotus6,"_SOUND:itemget&_CHIEVO:abee&_TEXT:dirtPilePlant2&_COMPLETEQUEST:theBeeQuest&_GIVE:hbee,9&_END",
lotus7,_TEXT:dirtPileBees,
*,Food2: Discussly2,
tutReturn0,_TEXT:tutReturn(0-4),
tutReturn1,_FIGHT:discuss2,
tutLost0,_TEXT:tutReturnBack,
tutLost1,_FIGHT:discuss2,
*,Food2: ELEVATOR,
elevator0,_CUSTOM:ELEVATORSTART,
elevator1,??ELEVATORNEXT,
*,Food2: Final Boss (Nathan),
final0,pl_SETDIR:0&pl_MOVE:y10,
final1,_CUSTOM:PLAYERSTOP&pl_MOVE:y8,
final2,beckettCry_ISMOVING:true&_TEXT:final0,
final3,beckettCry_ISMOVING:false&_TEXT:final1,
final4,_TEXT:final2,
final5,endNath_ANIM:FBSide&_TEXT:final3,
final6,endNath_ANIM:FBFront&endNath_ISMOVING:true&_TEXT:final4,
final7,endNath_ISMOVING:false&beckettCry_ANIM:BeckCry2&_CUSTOM:PLAYERSHOCK1&_SLEEP:50,
final8,_CUSTOM:PLAYERSHOCK2&beckettCry_ISMOVING:true&_TEXT:final5,
final9,beckettCry_ISMOVING:false&endNath_ANIM:FBLook&endNath_ISMOVING:true&_TEXT:final(6-7),
final10,endNath_ISMOVING:false&beckettCry_ISMOVING:true&_TEXT:final8,
final11,endNath_ISMOVING:true&beckettCry_ISMOVING:false&_TEXT:final9,
final12,endNath_ISMOVING:false&beckettCry_ISMOVING:true&_TEXT:final10,
final13,endNath_ISMOVING:true&beckettCry_ISMOVING:false&_TEXT:final(11-13),
final14,endNath_ISMOVING:false&_TEXT:final14,
final15,endNath_ISMOVING:true&_TEXT:final15,
final16,endNath_ISMOVING:false&beckettCry_ISMOVING:true&_TEXT:final16,
final17,endNath_ISMOVING:true&beckettCry_ISMOVING:false&_TEXT:final17,
final18,endNath_ISMOVING:false&beckettCry_ISMOVING:true&_TEXT:final18,
final19,endNath_ISMOVING:true&beckettCry_ISMOVING:false&_TEXT:final19,
final20,endNath_ISMOVING:false&beckettCry_ISMOVING:true&_TEXT:final(20-21),
final21,endNath_ANIM:FBMad&endNath_ISMOVING:true&beckettCry_ISMOVING:false&_TEXT:final22,
final22,endNath_ISMOVING:false&beckettCry_ISMOVING:true&_TEXT:final23,
final23,endNath_ANIM:FBLook&endNath_ISMOVING:true&beckettCry_ISMOVING:false&_TEXT:final24,
final24,endNath_ISMOVING:false&endNath_ANIM:FBStand&chair_VISIBLE:true&_SLEEP:250,
final25,endNath_SETDIR:0&endNath_ANIM:FBGrab&_SLEEP:100,
final26,_SOUND:tabletoss&endNath_ANIM:FBToss&table_ANIM:FBTableFlip&table_ISMOVING:true&_HIHISPEED&table_MOVE:y-1,
final27,_LOSPEED&endNath_ANIM:FBStand&endNath_ISMOVING:true&_TEXT:final25,
final28,_CLEARTEXT&endNath_ISMOVING:false&btn_ANIM:FBBtn2&_SLEEP:100,
final29,btn_ANIM:FBBtn3&_SLEEP:250,
final30,_SOUND:biff&endNath_ANIM:FBPush1&btn_ANIM:FBBtn4&_SLEEP:250,
final31,endNath_ANIM:FBPush2&_CUSTOM:FLIPSHIT,
final32,_SLEEP:3000,
final33,_CUSTOM:GARFIELDMYPEBBLES&_FIGHT:nathan,
finalReturn0,endNath_ANIM:FBStand&endNath_ISMOVING:true&_TEXT:nathReturn,
finalReturn1,_CUSTOM:GARFIELDMYPEBBLES&_FIGHT:nathan,
*,Misc.: Pissed off Colel Cab,
angryBee0,_ALIGNGOOD:-1&pl_SETDIR:2&_TEXT:BeeGuard0,
angryBee1,pl_SETDIR:1&_TEXT:BeeGuard1,
angryBee2,pl_SETDIR:0&_TEXT:BeeGuard2,
angryBee3,pl_SETDIR:3&_TEXT:BeeGuard3,
angryBee4,pl_SETDIR:2&_TEXT:BeeGuard4,
angryBee5,_CUSTOM:BEEQUEENMAD,
*,Misc.: Ya Boi on the Farm,
iiiTalk0,_TEXT:iiiTalk(0-1),
*,Misc.: Ending,
theEnd0,"?[{""q"":""player.techAxis <= 0 && player.ethicsAxis >= 0"",""v"":1},{""q"":""player.techAxis > 0 && player.ethicsAxis >= 0"",""v"":17},{""q"":""player.techAxis <= 0 && player.ethicsAxis < 0"",""v"":9},{""q"":""true"",""v"":25}]",
theEnd1,"_ENDCUT:end1,naturalGood0",
theEnd2,"_ENDCUT:end2p,naturalGood1",
theEnd3,"_ENDCUT:end3np,naturalGood2",
theEnd4,"_ENDCUT:end4np,naturalGood3",
theEnd5,"_ENDCUT:end5np,naturalGood4",
theEnd6,"_ENDCUT:end6np,naturalGood5",
theEnd7,"_ENDCUT:end7np,naturalGood6",
theEnd8,_COMPLETEQUEST:theGame&_COMPLETEQUEST:NG&_CUSTOM:CREDITS&_END,
theEnd9,"_ENDCUT:end1,naturalBad0",
theEnd10,"_ENDCUT:end2v,naturalBad1",
theEnd11,"_ENDCUT:end3nv,naturalBad2",
theEnd12,"_ENDCUT:end4nv,naturalBad3",
theEnd13,"_ENDCUT:end5nv,naturalBad4",
theEnd14,"_ENDCUT:end6nv,naturalBad5",
theEnd15,"_ENDCUT:end7nv,naturalBad6",
theEnd16,_COMPLETEQUEST:theGame&_COMPLETEQUEST:NV&_CUSTOM:CREDITS&_END,
theEnd17,"_ENDCUT:end1,industrialGood0",
theEnd18,"_ENDCUT:end2p,industrialGood1",
theEnd19,"_ENDCUT:end3ip,industrialGood2",
theEnd20,"_ENDCUT:end4ip,industrialGood3",
theEnd21,"_ENDCUT:end5ip,industrialGood4",
theEnd22,"_ENDCUT:end6ip,industrialGood5",
theEnd23,"_ENDCUT:end7ip,industrialGood6",
theEnd24,_COMPLETEQUEST:theGame&_COMPLETEQUEST:IG&_CUSTOM:CREDITS&_END,
theEnd25,"_ENDCUT:end1,industrialBad0",
theEnd26,"_ENDCUT:end2v,industrialBad1",
theEnd27,"_ENDCUT:end3iv,industrialBad2",
theEnd28,"_ENDCUT:end4iv,industrialBad3",
theEnd29,"_ENDCUT:end5iv,industrialBad4",
theEnd30,"_ENDCUT:end6iv,industrialBad5",
theEnd31,"_ENDCUT:end7iv,industrialBad6",
theEnd32,_COMPLETEQUEST:theGame&_COMPLETEQUEST:IV&_CUSTOM:CREDITS&_END,
*,Misc.: Fixture Tutorial,
fixCut0,"_TEXT:fixTut0,sYes,sNo",
fixCut1,"?[{""q"":""d===0"",""v"":3},{""q"":""d===1"",""v"":2}]",
fixCut2,_TEXT:fixTutNo&_CUSTOM:NOFIXTUT&_END,
fixCut3,_TEXT:fixTut1&_CUSTOM:STARTFIXTUT,
*,Cave: Healing Station,
healStation0,_CUSTOM:HEAL&_TEXT:healingStation,
*,Cave: Going Down and Going Up,
leaveCave0,"_TEXT:goUpCave,sYes,sNo",
leaveCave1,"?[{""q"":""d===0"",""v"":3},{""q"":""d===1"",""v"":2}]",
leaveCave2,_QUIT,
leaveCave3,_CUSTOM:LEAVECAVE,
downCave0,"_TEXT:goDownCave,sYes,sNo",
downCave1,"?[{""q"":""d===0"",""v"":3},{""q"":""d===1"",""v"":2}]",
downCave2,_QUIT,
downCave3,_CUSTOM:DOWNCAVE,
enterCave0,"?[{""q"":""!player.hasWon()"",""v"":5},{""q"":""true"",""v"":1}]",
enterCave1,"_TEXT:enterTheCave,sYes,sNo",
enterCave2,"?[{""q"":""d===0"",""v"":4},{""q"":""d===1"",""v"":3}]",
enterCave3,_QUIT,
enterCave4,_CUSTOM:ENTERCAVE,
enterCave5,caveboy_ISMOVING:true&_TEXT:undergroundNotYet,
enterCave6,caveboy_ISMOVING:false&_QUIT,
*,Cave: Skyler,
caveDive0,"?[{""q"":""!player.hasWon()"",""v"":11},{""q"":""player.completedQuest('spokeToCaveMan')"",""v"":2},{""q"":""true"",""v"":1}]",
caveDive1,targ_ISMOVING:true&_COMPLETEQUEST:spokeToCaveMan&_TEXT:underground(0-17)&_SETSTATE:10,
caveDive2,"targ_ISMOVING:true&_TEXT:undergroundA0,under.A,under.B,under.C",
caveDive3,"?[{""q"":""d===0"",""v"":8},{""q"":""d===1"",""v"":5},{""q"":""d===2"",""v"":4}]",
caveDive4,_TEXT:undergroundC0&_SETSTATE:10,
caveDive5,"?[{""q"":""player.caveDepth !== undefined"",""v"":7},{""q"":""true"",""v"":6}]",
caveDive6,_TEXT:undergroundB0&_SETSTATE:10,
caveDive7,_CUSTOM:CAVESTATS&_SETSTATE:10,
caveDive8,_TEXT:undergroundA1,
caveDive9,_TEXT:underground(1-17),
caveDive10,targ_ISMOVING:false&_QUIT,
caveDive11,targ_ISMOVING:true&_TEXT:undergroundNotYet&_SETSTATE:10,
caveEscape0,caveboy_ISMOVING:true&_TEXT:undergroundEscape,
caveEscape1,caveboy_ISMOVING:false&_QUIT,
caveFail0,_CUSTOM:CAVEDIED,
caveFail1,caveboy_ISMOVING:false&_QUIT,
*,North City (Natural Good): Some Guy,
newMoveIn0,"?[{""q"":""Math.random() < 0.4"",""v"":1},{""q"":""Math.random() < 0.5"",""v"":2},{""q"":""true"",""v"":3}]",
newMoveIn1,targ_ISMOVING:true&_TEXT:newMoveIn0&_END,
newMoveIn2,targ_ISMOVING:true&_TEXT:newMoveIn1&_END,
newMoveIn3,targ_ISMOVING:true&_TEXT:newMoveIn2,
*,Food2 (Industrial Good): First Floor,
newRecep0,recep_ISMOVING:true&_TEXT:newRecep,
newRecep1,recep_ISMOVING:false&_QUIT,
*,Food2 (Natural Bad): Beckett,
beckettJail0,beckJail_ISMOVING:true&_TEXT:beckettJail0,
beckettJail1,beckJail_ISMOVING:false&_TEXT:beckettJail(1-2),
beckettJail2,beckJail_ISMOVING:true&_TEXT:beckettJail3,
beckettJail3,beckJail_ISMOVING:false&_QUIT,
*,Skunk (First Encounter),
kida0,_TEXT:kida0&_COMPLETEQUEST:skunk1,
kida1,_CUSTOM:WALKTOPLAYER,
kida2,"skunk_SETDIR:2&_TEXT:kida1,kida1yes,kida1no",
kida3,_TEXT:kida(2-3),
kida4,"_TEXT:kida4,kida4yes,kida4no",
kida5,_TEXT:kida5,
kida6,_FIGHT:kida,
kidawon0,_TEXT:kidaWon(1-3),
kidawon1,_CUSTOM:SKUNKSCAMPER,
kidawon2,_TEXT:kidaWon4,
kidalost0,_CUSTOM:SKUNKLOSS&_TEXT:kidaLost(1-2),
kidalost1,_CUSTOM:SKUNKSCAMPER,
kidalost2,_TEXT:kidaLost3,
*,Skunk (Second Encounter),
kidb0,_TEXT:kidb0&_COMPLETEQUEST:skunk2,
kidb1,_CUSTOM:WALKTOPLAYER,
kidb2,"skunk_SETDIR:2&_TEXT:kidb1,kidb1yes,kidb1no",
kidb3,_TEXT:kidb2,
kidb4,_FIGHT:kidb,
kidbwon0,"_TEXT:kidbWon1,kidbWon1yes,kidbWon1no",
kidbwon1,_TEXT:kidbWon(2-4),
kidbwon2,_CUSTOM:SKUNKSCAMPER,
kidbwon3,_TEXT:kidbWon5,
kidblost0,_CUSTOM:SKUNKLOSS&_TEXT:kidbLost(1-2),
kidblost1,_CUSTOM:SKUNKSCAMPER,
kidblost2,_TEXT:kidbLost3,
*,Skunk (Third Encounter),
kidc0,"_COMPLETEQUEST:skunk3&_TEXT:kidc0,kidc0a,kidc0b,kidc0c",
kidc1,_TEXT:kidc1,
kidc2,_FIGHT:kidc,
kidcwon0,_TEXT:kidcWon(1-2),
kidcwon1,_CUSTOM:SKUNKSCAMPER,
kidcwon2,_TEXT:kidcEnd,
kidclost0,_CUSTOM:SKUNKLOSS&_TEXT:kidcLost(1-2),
kidclost1,_CUSTOM:SKUNKSCAMPER,
kidclost2,_TEXT:kidcEnd,
*,Skunk (Final Encounter),
kidd0,_COMPLETEQUEST:skunk4&skunk_SETDIR:2&skunk_ISMOVING:true&_TEXT:kidd(0-8),
kidd1,_FIGHT:kidd,
kidend0,_TEXT:kiddEnd(0-3),
kidend1,_CUSTOM:SKUNKSCAMPER,
kidend2,_TEXT:kiddEnd4,
